entrega_atrasada,review_score
No prazo,4.134723607514435
Atrasado,2.546541803001241
