entrega_atrasada,prob_nota1
0,0.10240290710878946
1,0.45831495368328184
